salesman number,salesman,gender,age,mobile phone
12419695,Shen Haifeng,Female,38,15620510105
12135700,Xie Ercui,Female,46,18981092712
12524934,Chen Chenjia,Male,41,15098824410
12422761,Leonard Clarke,Male,38,18904797951
12137182,Feng Zhenming,Male,45,18910019042
12335892,Shui Nuobo,Male,39,13913540869
12024317,Qi Lvwei,Female,38,13983501780
12135186,Danny Smith,Male,39,15656054124
12322095,Joanne Taylor,Unknown,46,18929478204
12336560,Shi Yuzhou,Male,43,15659504876
12212675,Zhang  biqin,Female,43,13913466199
12517344,Lou White,Male,48,15622710919
12225484,Qian Qianqiu,Female,43,13826275879
12422793,Adolf Davies,Male,38,15075997121
12514710,Zheng Biyan,Female,41,15031117856
12415692,Hector White,Male,44,13932852743
12331382,Dou Yishuang,Unknown,42,18697569508
12215245,Hua Wenjing,Male,41,13841249541
12433009,Lindsay Davies,Female,44,18943286924
12321373,Rosalind Roberts,Female,41,15066206015
12520613,Li Linglian,Female,49,13834907428
12115041,Barbara Hall,Female,41,15001561594
12515554,Shi Tingping,Female,39,15061819814
12437892,Chu Runyi,Male,46,18665857267
12024501,Zhu Fanyan,Female,43,18943927144
12425145,Xu Nuobo,Male,46,18691284519
12229677,You Ruoke,Male,44,13940007283
12336059,Florrie Williams,Unknown,38,15091345681
12022040,Zhou Hanan,Female,45,13876958194
12532742,Vicky Hall,Female,48,13957748858
12529282,Shen Mengchao,Male,43,13848720803
12018250,Lv Shunhang,Male,48,18986869520
12314150,Chu Yiqing,Female,41,13880989505
12129999,Miranda Roberts,Female,38,18939713565
12310961,Rosalie Evans,Female,48,13889409221
12024495,Uerica Hall,Unknown,40,15606761479
12539199,Chen Hanfeng,Female,43,13852281965
12029531,Wang Qimei,Female,49,13860021464
12518119,Allson White,Female,43,15623346768
12138128,Han Changfei,Male,47,13986084233
12324417,Kong Yibo,Female,47,15038403217
12229608,Jiang Zhenming,Male,39,13911532865
12035157,Zhu Rufeng,Female,47,15010716872
12510095,Wei Ruichen,Male,47,13959351161
12331717,Jing Ziyan,Male,42,15688018946
12337186,Yang Zhengkai,Male,38,18974863624
12331237,Steven Edwards,Male,38,15673757797
12138885,Lenny Jackson,Male,49,13941316848
12036325,Hua Zhaoyu,Male,48,15699277820
12511280,Jessica Jones,Unknown,40,15625169397
12024384,Zhou Yaokun,Male,47,15694798702
12326010,Xie Yuyang,Female,44,13944671764
12524961,Sonia Wright,Female,45,18639197649
12437213,Lv Yinxiang,Male,41,15023405921
12530946,Oz Smith,Male,42,15087063733
12230520,Carrie Clarke,Female,43,15656026139
12227356,Phyllis Evans,Female,49,18685322740
12328128,Chen Ziyan,Male,48,13985564910
12222841,Liu Wenjing,Male,42,18659494427
12218165,Dou Ruichen,Male,39,18643572672
12227909,Scott Hall,Unknown,46,13902218906
12019358,Liu Jinquan,Male,46,18687089220
12218694,Qing Pingning,Female,38,15036759293
12229574,David Jackson,Male,41,15663811232
12238602,Qi Gulian,Female,43,13855733112
12136139,Sebastian Roberts,Male,42,13902204580
12030495,Zhou Leqiao,Unknown,38,18664254367
12135988,Jiang Qicheng,Unknown,49,18613460353
12236541,Graham Hughes,Male,42,15013857255
12230964,Qian Bochang,Unknown,47,18912693787
12218618,Bridget Patel,Female,47,18943199652
12037918,Feng Lewen,Male,44,15001256579
12524550,Shi Congde,Male,47,18907982518
12028088,Lv Ruoke,Male,39,13949123975
12135553,Cao Chuling,Female,44,13910040719
12522972,Benjamin Green,Male,39,15691335568
12232311,Xu Zhuyu,Male,44,18903294883
12220379,Chen Jiabin,Male,46,15052390956
12520920,Qian Yuyang,Female,38,18917509086
12239910,Shi Ningtao,Female,40,18962441154
12039475,Feng Hendong,Female,43,13993818952
12526738,Shui Rusi,Female,46,13979147586
12237611,Zheng Lvping,Female,43,15668995243
12017115,Cherry Lewis,Female,41,13988771717
12214196,Jackie Taylor,Female,49,15037461347
12136791,Cao Feilei,Unknown,39,13923207645
12436021,Yang Hanzhe,Male,44,18982417146
12336362,Ed Harris,Male,46,13824150273
12133114,Auberon Smith,Male,38,18653845605
12024324,Shen Yuanchun,Female,42,15051980900
12217784,Chen Yueqi,Male,45,15696096714
12524986,Carl Roberts,Unknown,45,13959111644
12331093,Jing Zhidie,Female,39,18928273520
12516705,Tao Ercui,Female,39,13855084716
12136504,Zhang Yilv,Female,39,18631655364
12525507,Florence Johnson,Female,45,13953574065
12317816,Xu Jiashu,Male,40,15683516519
12330676,Bai Zibin,Male,38,13978258053
12132875,Kong Qiaobai,Female,39,18962148638
12115565,Wei Zibin,Male,40,15066207398
12316647,Dudley White,Male,42,15014782427
12028010,Qian Yukun,Unknown,40,13820591356
12525365,Yan Ningyang,Unknown,45,15649764801
12217452,Qian Banxiang,Unknown,39,18620119860
12119064,Jing Shiyi,Male,49,15073848489
12217058,Melissa Evans,Female,46,15082681966
12319925,Bai Yingtian,Female,43,13885753171
12115057,Zhu Honglin,Male,48,13825820064
12114193,Bobby Roberts,Male,46,18699239326
12532642,Bai Ermei,Female,49,18673422309
12316407,Dulcie Patel,Female,45,18983135639
12015394,Liu Hanshuang,Female,42,15653974261
12031638,Darrell Johnson,Male,40,13913298284
12025358,Zhou Yanbai,Unknown,40,13835332483
12329572,Zou Xiaorou,Female,43,18627930507
12534660,Faustina Hall,Female,46,15660705495
12135631,Zou Linshan,Male,39,13809404711
12212417,Xu Yishan,Male,44,15045884000
12510522,Errol White,Male,42,15632395694
12012131,Qing Mining,Female,40,18987291370
12527343,Bernadette Wright,Female,42,13829691837
12037644,Alistair Smith,Male,40,18957760110
12215344,Zheng Zibin,Male,42,13818250928
12212017,Kong Chengjun,Male,44,13963900648
12429390,Zhou Canqi,Male,41,15012145938
12515386,Al Evans,Male,41,15639548357
12319902,Allson Edwards,Unknown,38,15680720535
12328364,Shen Lisheng,Male,44,13861013178
12315311,Zheng Rongchun,Male,45,13844791357
12328605,Wei Shiyan,Female,44,15674552802
12020589,Wu Fanrui,Unknown,41,13910481219
12114756,Gene Jackson,Male,41,18658431890
12538452,Miriam Evans,Female,47,15609201594
12437436,Ivan Harris,Male,39,13991194384
12333828,Archibald Thompson,Male,48,15003945587
12527116,Kong Ningbai,Female,38,15036461258
12317333,You Taian,Unknown,47,18936275779
12311939,Clare Green,Female,44,15623523765
12124702,Vivian Johnson,Unknown,41,15083663048
12135537,Kong Xiangzhe,Male,42,18608114189
12011761,Marcia Wright,Female,41,15019139646
12418149,Teresa Davies,Female,42,13891982464
12025823,Tessa White,Female,47,13963976928
12428952,He Leshuang,Female,49,13950610498
12018630,Adelina Taylor,Female,48,18698722990
12132114,Zhang Mimei,Female,46,13839866372
12336363,Han Peixiang,Female,46,15054504848
12318849,Zhou Zhuodong,Male,45,13961123893
12115476,Lv Yunzhi,Male,47,15086743807
12025951,Wang Mucheng,Male,48,15068585157
12336698,Leila Roberts,Female,45,15086821816
12025803,Lindsay Taylor,Female,47,13885244346
12124780,Mignon Walker,Female,38,18924870480
12511654,Zheng Manlv,Female,42,15006794564
12439984,Xu Honglin,Male,49,13902792173
12423251,Jiang Weian,Male,49,13898155043
12418989,Tao Yibo,Unknown,38,13866742389
12113298,Theobald Robinson,Male,42,13830333964
12420599,Han Yuzhou,Male,42,18996293617
12215097,Jiang Qizhen,Female,39,15648228450
12233091,Jing Yishan,Female,40,15604491880
12515335,Sandra Brown,Female,42,18929417326
12124348,Xie Zhenming,Male,38,15691537032
12123725,Elsa Lewis,Female,41,13963582437
12420036,You Yunzhi,Male,44,15684045816
12335679,Lenny Harris,Male,44,18923081948
12235994,Oliver Green,Male,39,15687147370
12138696,Nan Brown,Female,43,13908490013
12518536,Feng Shuliu,Female,40,15605980669
12334196,Yan Zicheng,Male,47,13965241362
12416700,Shen Zhiteng,Male,45,13941916164
12030116,Zhao Rongchun,Male,46,15074922863
12511186,Shen Jinquan,Unknown,39,15086986800
12520671,Katharine Thompson,Female,42,18622890184
12512076,Han Siyu,Male,38,15697295343
12511135,Sylvia Smith,Female,38,13808932915
12022472,Robby Jackson,Male,38,15606709103
12218885,Li Jingwen,Male,38,13968175165
12426422,Zou Jingye,Male,41,18631626712
12513583,Christian White,Male,44,13957306066
12317724,Jing Xiaotian,Female,44,18993374707
12211414,Sun Wenyan,Female,46,18663855859
12425497,Zhang Miaorui,Male,44,18672794124
12323070,Florence Lewis,Female,42,18638300869
12313632,Shen Yangchen,Male,46,13830653355
12418802,Wei Leqiao,Female,42,18971543234
12428257,Kong Yuandong,Female,44,13957711628
12536565,Jiang Rusi,Female,48,18668906200
12324708,Zheng Anran,Male,46,18618045550
12519682,Dottie Walker,Female,43,18957621651
12219121,Hua Cailing,Female,43,13836235059
12229055,Yang Penglong,Male,48,18690429590
12421096,He Ruixun,Male,48,13864072467
12014005,Lucy Hall,Female,39,13884091597
12125724,Richard Edwards,Male,43,13815125118
12238683,Ray Green,Male,40,18952408498
12219572,Nicole Taylor,Female,48,15605395407
12019473,Dou Yansen,Male,48,18909134675
12237063,Lv Jiamin,Male,49,18605231640
12015566,Sal Edwards,Female,49,18983513679
12033125,Zhu Zicheng,Male,46,13832687921
12137925,Patience Robinson,Female,45,18693605151
12313224,Florence Walker,Female,47,18654131115
12530400,Zhou Qimei,Female,46,18932304528
12415049,Qian Jichen,Male,40,18678743295
12024360,Dou Youtong,Male,39,13901526703
12136348,Zhou Lengrou,Female,45,15024361112
12115951,Yan Zhaoxuan,Male,45,13870095720
12026474,Wang Jinbo,Unknown,45,15609346411
12135194,Qian Qianyi,Female,42,13842183816
12227480,Xu Lvping,Female,45,18999680234
12021985,Jess White,Female,40,18628521261
12036413,Colin Jones,Male,40,15041003332
12025878,Yan Shilan,Female,42,15092302621
12421536,Mimi Green,Female,39,18987624415
12139634,Lv Qiufeng,Female,39,15088530748
12035643,Edmund Clarke,Male,38,15683948868
12015513,Charlene Edwards,Female,44,15667741606
12112213,Dave Jones,Male,45,18684691080
12131484,Luke Brown,Unknown,40,15653796360
12035583,Zhang Wenke,Male,42,15085745621
12028942,Chu Pingning,Female,42,13949837180
12319277,Hortensia Johnson,Female,44,13892780356
12518769,Jiang Yibo,Female,49,15053833226
12219931,Zhu Yuanchun,Female,47,13927562806
12511764,Qing Linghan,Female,45,15021016987
12037263,Candida Jackson,Female,43,15620472095
12123864,Marilyn Harris,Unknown,49,15648043188
12520721,Stan Thompson,Male,39,18987756675
12322940,Xu Shiyun,Female,49,13990824090
12118971,Qian Yiyu,Female,41,15064462930
12222019,Maria Harris,Female,39,18671435981
12525342,Millie Robinson,Female,44,13976277480
12433272,Fidelia Wilson,Female,40,13909407406
12315531,Theodoric Hughes,Male,48,13863625889
12318670,Poll Jackson,Female,41,13805244864
12024585,Chu Fangqin,Female,42,15053796611
12430524,He Benqing,Male,44,18699338307
12534944,Li Cailing,Female,43,13842545267
12130335,Qing Zhuyu,Male,39,18682004975
12439219,Tao Yixuan,Male,47,15668442761
12120999,Li Danqing,Female,42,18673636686
12320361,Wu Nuobo,Male,43,18689937217
12529872,Wei Zhuodong,Male,39,18678923634
12320397,Chu Jingwen,Male,39,15646720643
12219719,Rebecca Davies,Female,46,18695296614
12318765,Bai Xuelu,Female,38,13816578955
12026710,Wang Jiayu,Male,47,15005896783
12020132,Shen Yuming,Male,39,15087423983
12030823,Sun Tianlan,Female,41,18981600745
12136319,Camilla Thompson,Female,44,13933012299
12211807,Moira Hughes,Female,38,15034261239
12219436,Hua Zhuodong,Male,47,18634713970
12327900,Zhang Yunzhi,Unknown,38,18934670692
12121152,Stewart Jones,Unknown,40,18908287035
12137391,Geraint Walker,Male,47,15011638613
12223299,Chen Dongyan,Female,45,15099875207
12118397,Ray Wilson,Male,39,18904726351
12113204,Ed Davies,Male,42,13924863552
12220942,Yu Ziyun,Female,46,13941972839
12023873,He Wenyin,Male,43,18961133099
12116502,Stanley Thomas,Male,43,18614288867
12229765,Qian Junqin,Male,49,15621313057
12111721,Ted Taylor,Male,43,15622407318
12429303,Sal Walker,Female,44,15066448396
12511818,Chu Qiuman,Female,43,15071536983
12523441,Feng Chutai,Male,48,13909557872
12213164,Zou Xintao,Male,46,15052391875
12528024,Gillian Jones,Female,48,18651860969
12239544,Wu Jianxi,Male,49,18913537836
12328139,Jessy Clarke,Male,38,15622821239
12021161,Chu Youqing,Female,41,15660300594
12033964,Jing Jiaji,Male,38,18971995428
12017763,Gracie Williams,Unknown,38,15654771734
12414959,Yan Xiangheng,Male,48,13927999733
12537029,Bai Yuzhou,Male,43,15645334039
12015089,Xu Ziyan,Unknown,42,18925403340
12434242,Zhang Benqing,Unknown,38,13960918549
12130022,Xu Dongsi,Female,46,15618203439
12216545,Jiang Feiqing,Female,45,15063346307
12033620,Jeff Lewis,Male,43,13897824252
12524497,Dou Lingzhi,Female,48,18913957932
12213248,Salome Robinson,Female,47,13866772753
12037110,Juliet Smith,Female,40,15098059461
12018356,Ollie Patel,Male,49,18943805369
12514371,Allen Williams,Male,45,15078834977
12519236,Murray Davies,Male,48,15065481837
12221993,Rupert Walker,Unknown,44,13837332637
12328521,Shui Ruoyan,Female,44,18637811038
12422123,Zhang Runyi,Male,41,18601703786
12435189,Zhou Lewen,Male,39,13987398085
12010948,Deirdre Evans,Female,48,15033852161
12215200,Murray Edwards,Male,42,18991801109
12329807,Wei Yangyang,Male,44,15661025568
12018238,Lv Yuanxiang,Male,46,15044720365
12536273,Jiang Wenyin,Male,48,18670171493
12520181,Hamilton Edwards,Male,38,18676194473
12526443,Tao Yishan,Female,44,15651274265
12313122,Mary Wilson,Female,48,18626102534
12234612,Hua Yizhen,Female,48,18687747201
12525041,Ronnie Jackson,Male,39,13870626048
12212903,Dou Youyi,Unknown,45,18697159896
12518519,Padraic Davies,Male,42,18610106228
12433456,Zhou Manrui,Male,44,13934970262
12225924,Yan Conglei,Female,46,18647979883
12213347,Yu Huasheng,Male,43,15621142637
12216006,Dou Wanzhi,Unknown,48,15098913299
12329246,Jiang Fanrui,Unknown,46,13930330234
12111757,Qian Yupeng,Male,38,18977785520
12321914,Juliana Harris,Female,49,18980805234
12520846,Isabel Clarke,Female,43,18907350082
12330989,Eli White,Male,44,18657056752
12416942,Mabel Patel,Female,44,13832293707
12337479,Hedwig Williams,Female,38,15695281764
12128128,Yang Huanwen,Female,41,13956409278
12330715,Hua Siyu,Male,49,13844751765
12337864,Han Pingtian,Female,44,18683156813
12020409,He Hanan,Unknown,42,15661971857
12114571,Wang Shuliu,Female,44,15067727199
12135645,Liu Miaorui,Male,40,13875091436
12310973,Otto Thomas,Male,41,15074427557
12033613,Hamilton Thomas,Male,42,15023535195
12011681,Priscilla Thompson,Unknown,43,15659160287
12339050,Jing Jishan,Female,46,18649055055
12318410,Tao Xixia,Unknown,46,18913371070
12327269,Qi Hanxiang,Male,49,18911319405
12435452,Jeffrey Robinson,Male,48,18658605272
12332806,Anita Hall,Female,42,15682226940
12424503,Lester Lewis,Male,41,18991507271
12332446,Auberon Robinson,Male,48,15051381078
12415760,Bai Youyi,Female,43,13820491699
12127144,Tao Zhiyong,Male,48,13955068968
12526531,Li Benqing,Male,49,13889199951
12126289,Kong Yuqiao,Unknown,45,15099570975
12426902,Chen Gurui,Female,41,18674936591
12432055,Eulalia Brown,Female,43,15611521923
12518342,Aggie Smith,Female,39,15673271314
12431021,Yan Yingzhi,Unknown,45,18692168525
12014717,Sara Patel,Female,48,15029521800
12337168,Shui Yihan,Female,44,13962668922
12431994,Zou Lengrou,Female,43,13825496694
12122968,Kong Maoan,Male,46,13864597380
12532045,Sun  biqin,Female,41,13986404059
12032215,Jode Brown,Female,38,13911518558
12315613,Zhou Yuandong,Female,42,15024083648
12514811,George Smith,Male,44,18694675683
12327620,Nicholas Hughes,Unknown,48,18675499803
12514199,Brian Brown,Male,47,15009690461
12522491,Diana Thompson,Female,41,13834712519
12425908,Qian Nandie,Female,38,13877463593
12115093,Wang Wenqiu,Female,42,13863422390
12436008,Jiang Jingwen,Male,44,15647649410
12119271,Sun Chufeng,Female,45,18980635996
12434057,Clarence Green,Male,45,15694718398
12037041,Tao Bochang,Male,42,15059214621
12335039,Shui Zhuyu,Male,49,13866763281
12020185,Dominic Green,Male,43,18621769806
12418797,Xu Fanrui,Male,48,18676986941
12210848,Zou Banqin,Female,41,13901142432
12433958,Chu Wenming,Male,40,18630883140
12521002,Zhao Zhengsong,Male,42,13872170639
12118687,Wu Xiangxing,Male,46,15069982275
12119396,Qi Guqiu,Female,38,18600565512
12324534,Cao Hanming,Male,40,18618114148
12525859,Vivian Clarke,Male,49,18974833067
12221632,Chen Yuanxiang,Male,48,15639968841
12313505,Jennifer Walker,Female,43,13947733265
12310238,Bai Ningzhen,Female,45,13817326705
12311479,Yan Yuanxiang,Male,44,15057827326
12013478,Audrey Evans,Female,47,13867209171
12435225,Jiang Jingjie,Male,46,15604747830
12236014,Bernie Wilson,Male,40,18641154719
12111313,Yu Qizheng,Male,42,13884540617
12224137,Mandy Smith,Female,46,15021347865
12539050,Micky Patel,Male,40,18936331523
12326059,Tao Manrui,Male,43,13825405039
12417746,Christopher Walker,Male,46,15016604133
12030117,Patrick Johnson,Male,38,15059073373
12219072,Allen Walker,Male,47,13971923563
12420468,Yan Panhai,Female,44,13885393179
12233965,He Yukun,Male,48,18967603677
12435614,Alistair Walker,Male,47,15066175538
12316525,Arnold Wright,Male,40,13813278638
12529518,Yang  zixue,Female,49,15664059213
12328742,Sun Hanxiang,Female,45,15059741639
12322803,Shen Mengbai,Female,41,13973701454
12316197,Susan Hall,Female,45,18972414010
12221899,Hilda Harris,Female,43,13863391481
12330991,Jiang Shengxiang,Male,40,15639234045
12214772,Dora Thompson,Female,40,15693789626
12418115,Daniel Green,Male,44,18604930949
12320323,Eric Lewis,Unknown,44,15013323584
12519469,Qi Jiaye,Male,43,13885966956
12516226,Wilfred Smith,Male,43,18614883720
12424336,Andrew Davies,Male,39,18668717910
12235216,Jiang Jiaji,Male,39,18632801398
12316744,Shui Huaiyun,Female,40,13916281841
12416092,Tricia Lewis,Unknown,49,15644251290
12220553,Xu Qintao,Male,46,13907947978
12218288,Wu Ruyu,Male,48,15033727825
12229531,Jiang Tingping,Female,40,15640956081
12221072,Otto Clarke,Male,45,13812729202
12312046,Shen Yuzhou,Male,38,15633087233
12025139,Cao Ruyu,Unknown,46,18945455832
12115836,Jasper Wright,Male,41,15025038804
12117004,Feng Yishan,Female,48,15050103259
12216205,Hannah Jackson,Female,38,15686777514
12426539,Han Anxuan,Female,41,18686914320
12137374,Yang Jingjie,Unknown,49,18695883703
12127202,Wei Runbin,Male,47,15633980855
12023846,Qian Linghan,Female,39,13829631725
12132122,Tao Yihan,Unknown,48,13882601885
12039400,Bai Rusi,Female,48,15080012926
12338078,Bai Hanzhe,Male,41,18938086436
12039560,Jing Kaiyu,Male,44,18649382405
12517523,Feng Yixian,Male,46,13883896077
12415486,Shen Shitong,Female,39,13826123601
12135018,Michael Harris,Male,46,13846486784
12135341,You Shengjian,Male,47,15063264518
12222491,Wei Xiaoshan,Female,42,15069443206
12019471,Mabel Smith,Female,41,13860891882
12530440,Theodore Jones,Male,46,15637550207
12225597,Anne Davies,Unknown,48,18946670873
12115077,Kong Aonan,Female,45,13891465941
12326047,Theobald Thompson,Male,46,18628061981
12111754,Zhang Jiayu,Male,43,15035685329
12514680,Naomi Lewis,Female,48,15632679243
12413922,Qing Maoan,Male,45,13850673191
12134314,Qian Huahong,Male,39,15036808740
12213609,Qing Canning,Unknown,41,13898229676
12324069,Zhu Yiye,Male,49,18989797324
12129674,Phoebe White,Unknown,49,13867433379
12233191,Wu Xiangchen,Male,45,18662243923
12036695,Theo Edwards,Male,40,18942438052
12116862,Sun Siyu,Male,40,18941979727
12529164,Montgomery Hughes,Male,44,13960406694
12436625,Li Lewen,Male,44,13800724495
12514460,Qi Jiabin,Male,48,13883890984
12321273,Jeanie Evans,Female,46,15698201024
12036228,Leslie Evans,Male,39,15086706736
12425955,Greg Wright,Male,39,18980924072
12510669,Yu Youcui,Female,47,18603731574
12416737,Ivy Walker,Female,48,13833189147
12534888,Qing Shiyun,Female,43,18647249691
12416295,Judy Wright,Female,45,13872056675
12230489,Zou Haozhen,Male,48,18613342990
12122116,He Huaibai,Female,48,18615409124
12029194,Charlotte Davies,Female,47,13949976177
12237086,Yu Chutai,Unknown,49,13928637245
12318946,June Hall,Female,48,18971216787
12436121,Olive Taylor,Unknown,49,18904349852
12425384,Wu Jiayu,Male,39,13981604436
12229960,Yang Xiangheng,Unknown,40,13971686381
12433548,Yang Manyun,Female,47,18946478788
12121482,Cheryl White,Female,39,13848911709
12339679,Judy Wilson,Unknown,48,15089757539
12038361,Han Leqiao,Unknown,38,15041556592
12527516,Tao Hanfeng,Female,44,15609768742
12313598,You Boran,Unknown,43,13963049796
12122160,Wang Feifeng,Female,44,13934358401
12335446,Benjamin Davies,Male,38,13866484683
12235396,Lv Jingwei,Male,45,18930958702
12237544,Zhang Yousong,Female,46,18677768520
12328805,Van Hughes,Male,41,15630507980
12031332,Qi Erqing,Female,48,18957695206
12020964,Alma Williams,Female,42,15615781133
12421605,Allson Evans,Female,39,18668152894
12035626,Zhang Chilv,Female,44,13830355133
12136134,Rick Walker,Male,43,13845732810
12416284,Bonny Robinson,Female,48,13888867967
12425910,Qi Ruize,Male,46,18669476121
12018649,Li Yingtian,Female,44,15661798348
12239094,Shi Wenming,Male,49,15079523863
12221102,Kong Nianyang,Female,41,13999858015
12518556,Wei Youman,Female,43,15690572094
12311975,Zhou Huanqing,Female,41,15060104803
12536891,You Shaohu,Unknown,41,18985524552
12017045,Oliver Wilson,Male,48,15014605907
12424327,Bai Dongshuang,Female,42,13815686144
12413795,Carrie Hughes,Female,39,13962102137
12315421,Felicity Roberts,Female,47,18622474204
12537488,Corinna Smith,Female,38,18958346054
12239408,Yan Rongchun,Male,47,13844681925
12011046,Maureen Williams,Female,39,15075333888
12228229,Jing Qize,Male,39,18911514543
12311516,Charlene Hall,Female,46,15059383162
12334464,Lou Green,Male,39,13891114271
12518878,Joseph Davies,Unknown,45,13853290517
12429047,Xie Zicheng,Male,46,18926328538
12436637,You Hanfeng,Female,47,13902596073
12522716,Yan Chunan,Male,48,18603989796
12430996,Yan Chilv,Female,49,18915653755
12419287,Gene Wright,Unknown,49,15610458103
12217585,Zheng Jingyun,Male,38,13913682824
12221121,Liu Shiyi,Male,49,18698191833
12133454,Xie Jiafu,Male,48,18680749663
12225987,Timothy Wright,Male,46,18913709126
12528382,Agnes Roberts,Female,45,18601984515
12131941,Zhang Zhaoyu,Male,49,13998207774
12037719,Jiang Yuqiao,Female,46,15045639100
12012916,Avis Roberts,Female,46,15005657290
12014578,Chen Nianer,Female,38,15697366927
12138945,Qing Muxue,Female,46,18636223046
12131615,Li Rufeng,Female,45,13916883945
12321618,Martina Patel,Female,44,15636960302
12238246,Jing Muhua,Male,38,15023695830
12139679,Qing Chumei,Female,47,13830026419
12017346,Mary Edwards,Female,44,18654024091
12118600,Hortensia Jackson,Female,45,15698891214
12320965,He Yunshuo,Male,43,15676339540
12439790,Maureen Davies,Female,48,18621719561
12418673,Lisa Smith,Female,48,18924197525
12233874,Norm Clarke,Male,46,15687418212
12225869,Norman Brown,Male,45,13924880879
12539071,Catherine Clarke,Female,49,13884191170
12319812,David Robinson,Male,45,13976135052
12112989,Cathy Edwards,Unknown,47,13965664105
12413168,Malcolm Brown,Male,41,13929836941
12236091,Wang Yingtao,Female,44,15074810279
12025169,Cao Yuanhong,Male,46,18679830367
12416588,Dou Yunshuo,Male,49,15005616385
12017694,Malcolm Edwards,Male,47,13915906463
12515114,Bai Dongtao,Female,48,13859120738
12122583,Tel Hughes,Male,44,15637211321
12525405,You Qiaoqing,Female,48,13956614701
12014564,Qian Jiaxuan,Male,38,13857780312
12418355,Qing Fanyan,Female,40,15068236084
12327333,Zhao  youhui,Female,42,18687016162
12032968,Salome Patel,Female,48,13969020238
12421132,Gavin Thomas,Unknown,46,13945479844
12226558,Jiang Hanxuan,Female,47,18629063473
12110646,Li Ningzhen,Female,42,15653467851
12216614,Martha Clarke,Female,46,18616903538
12327875,Zhao Jiayu,Male,39,18681271060
12012185,Xie Minghan,Male,43,18653864171
12315167,Ollie Smith,Male,44,15077767818
12134925,Qi Binzhu,Male,39,15651555135
12034588,Georgie Taylor,Female,40,15617066125
12037729,Xu  menghan,Female,43,18931198598
12437885,Marshall Hall,Unknown,47,15004010251
12235844,Olive Wright,Female,43,13844156177
12336054,Zhou Miyan,Female,38,15014782909
12112991,Kong Xiaocui,Female,40,15021189476
12338716,Lv Jianrong,Male,47,18941514162
12420499,Milton Smith,Unknown,39,15044189671
12410622,Muriel White,Female,39,13856749672
12428543,Zou Moyu,Male,46,13949270728
12023673,Matt Thompson,Male,43,13932324056
12225467,Dennis Patel,Male,41,15077553455
12424489,Sun Yankun,Male,43,18922417437
12318408,Ozzie Smith,Male,38,13900350627
12330621,Han Hanwu,Male,39,18637769897
12235942,Jesse Johnson,Male,49,15031069354
12222563,Dermot Robinson,Male,48,18650644724
12230770,Qi Rufeng,Female,46,18619187298
12434143,He Ruoyun,Female,39,15621794465
12038682,Reg Johnson,Male,49,18685857534
12312745,Chen Ruoke,Male,40,15647985130
12338282,Yu Feiqing,Female,46,18922745977
12525590,Mitchell Hughes,Male,42,18978658432
12122794,Persis Wright,Unknown,45,15626473469
12112265,Xu Ruichen,Male,49,13821706846
12418927,Kong Huaibai,Female,43,18643797214
12016460,Mildred Wright,Unknown,48,13933700776
12315527,Noah Harris,Unknown,47,13935818451
12332347,Camilla Smith,Female,47,13966547841
12016367,Fidelia Hall,Female,40,15028279376
12529214,Shi Hongbang,Male,42,18947053480
12134141,Alden Williams,Male,47,15624803627
12316252,Paul Edwards,Unknown,43,13880541935
12036467,Zhu Hanxuan,Female,40,18639347903
12011140,Emlyn Clarke,Male,43,15608040152
12536686,Jiang Zibin,Male,43,15612372969
12121692,Milton Hall,Male,49,15090666285
12513030,Mike Evans,Male,39,15036042990
12436146,Xu Yingzhi,Female,41,18664619638
12523299,Adelina Hughes,Female,43,13925252488
12437599,Christian Wright,Male,47,13840211082
12219737,Han Haizhen,Unknown,47,13821047811
12417316,Pete Evans,Male,49,15011038308
12217826,Chen Haoyan,Male,47,13870705830
12038659,You Qicheng,Male,49,15640275929
12413257,Felix Walker,Male,44,15097426676
12330117,Bai Chutai,Male,43,15690813331
12222258,Trudie Lewis,Unknown,40,18962375539
12217141,Cynthia Patel,Female,39,18678419999
12331357,Basil White,Male,40,13903524310
12233340,Lv Wanzhi,Female,47,18940947434
12022300,Diana Robinson,Unknown,48,13995890033
12412115,Lisa Taylor,Unknown,41,15685475495
12420497,Amos Walker,Male,44,13863852369
12138586,He Yihao,Male,40,15652825716
12417748,Frank Jackson,Male,47,13816321884
12036696,Miranda Williams,Female,38,18614818998
12025630,Qian Xiaodie,Female,45,13857683633
12513037,Gracie Davies,Female,40,13890402716
12122802,Tao Erqing,Female,43,15651177344
12120074,Wang Lisheng,Male,47,13947865508
12525982,Tricia Taylor,Female,41,18977282386
12238364,Ron Hall,Male,39,18659430348
12234902,Lee Lewis,Male,39,18931182645
12211993,Sun Yinger,Female,41,13906794354
12413753,Martina Clarke,Female,49,15049305906
12015495,He Hongbang,Male,40,18673404616
12015859,Jeanie Wilson,Female,44,13849533904
12519044,Charlene Wright,Female,44,15097750967
12515413,Jing Hanshuang,Female,42,18935024518
12114619,You Dongsi,Female,47,18955639487
12310629,Jing Huaibai,Female,46,13834724532
12017808,Libby Patel,Female,44,18921558921
12412926,Xu Bingzhi,Male,40,15666294015
12313059,Nora Green,Female,40,13832927004
12020790,Sun Shizhen,Female,48,13871926181
12223235,Glenda Taylor,Female,41,15090285509
12321942,Lynn Brown,Unknown,45,13881429811
12125844,Malachi Lewis,Male,46,13937820660
12018187,Chu Shengxiang,Male,49,13968713358
12439489,Yan Yusong,Female,46,13915520945
12210021,Susan Johnson,Female,44,13861191981
12124011,Qian Jishan,Female,46,13956678456
12223304,Georgina Smith,Female,41,15691496587
12331603,Tao Yinghui,Female,43,15020644976
12226102,Alistair Lewis,Male,47,13891971811
12135836,Angelica Harris,Female,39,13801466057
12413390,Louisa Roberts,Female,42,18966855678
12230680,Zhao Bandan,Female,44,15660112160
12334912,Zheng Rusi,Female,38,15694603232
12435613,Ralph Thompson,Male,44,18998586749
12329008,Marilyn Hall,Female,39,15662126431
12235156,Benjamin Wilson,Male,43,15067783063
12021130,Zhu Tinghan,Female,44,18936952957
12225009,Kong Xumeng,Male,45,13943189492
12229963,Trevor Evans,Male,38,18622164699
12133215,Chen Xiangman,Female,44,18950665504
12329547,Xie Tingwei,Female,40,15638248700
12111973,Sadie Hughes,Female,43,13997748487
12517970,Burt Robinson,Male,40,15607919844
12517675,Wei Yanhong,Male,49,13880795819
12233740,Yan Jiaye,Male,38,13857113998
12412088,Yang Nuobo,Male,44,15087215484
12118949,Flora Taylor,Unknown,39,15017307252
12020192,Fiona Wilson,Female,45,18980108445
12239939,Qi Yousong,Female,49,13983180228
12032450,Shui Xiangchen,Male,44,15083994279
12331508,Floyd Green,Male,47,13931236054
12029959,Pam Wright,Female,40,15681418158
12036053,Jing Manyun,Female,38,18602368649
12414329,Yu Ruichen,Unknown,49,15653633429
12326780,Qing  zixue,Female,38,15657449973
12410148,Richard Roberts,Male,45,13950813597
12126969,Jackie Thomas,Female,48,15039530124
12411769,Eva Harris,Female,49,18964807274
12029815,Jing Nianlan,Female,48,18664669055
12524193,Yan Shumeng,Female,38,15660589740
12120080,Zheng Bochang,Male,38,13972571291
12436168,Dou Youqing,Female,44,18695976535
12218567,Betty Davies,Female,39,13950195338
12510499,Feng Ziyu,Male,39,18660093847
12521535,Kong Shanwei,Female,39,18937157948
12223681,Zhou Shishan,Female,45,13805315084
12038646,Dottie Thomas,Female,39,15085452010
12311057,Theo White,Male,45,13986643179
12322372,Chen Yinghui,Female,38,13977262931
12124356,Wang Nuobo,Male,49,18986871484
12230290,Joanne Jones,Female,45,18658136807
12526345,Xie Yishuang,Unknown,40,15681759413
12517566,Bob Lewis,Male,47,13947319351
12522947,Olympia Thomas,Female,41,13912901670
12134284,You Xiangxing,Male,42,13924787705
12325065,Yang Jingwen,Male,41,18946575272
12334339,Dustin Clarke,Male,44,13833246195
12430970,Jing Chutai,Male,39,15670838760
12421875,Xu Yixian,Male,44,13935911937
12230558,Jiang Boran,Male,43,13941181346
12117761,Yang Bisong,Female,48,15660871829
12223802,Yu Kaiyu,Male,45,13982873533
12028008,Hal Taylor,Male,41,18999505149
12114719,Frankie Wright,Male,40,13944468545
12321178,Molly Wilson,Female,47,13867191407
12522165,Anthea Smith,Female,43,13822403967
12437191,Jiang Lengrou,Female,45,15078677864
12216983,Chen Ziquan,Male,49,18900813304
12016030,Poll Robinson,Female,40,15684292691
12225754,Qi Zhuyu,Male,49,13994163061
12032131,Sun Ruyu,Male,45,18630096502
12024373,Zhou Yihao,Male,46,18699556584
12136007,Jing Ziyu,Male,49,15695243997
12328325,Daisy Edwards,Female,48,15011121420
12024462,Jane Robinson,Female,42,15070332166
12126073,Tao Binzhu,Male,41,13811252764
12030239,Clare Harris,Unknown,49,15022058632
12133066,Shen Tianfan,Female,42,15088879110
12421923,Wang Yuyang,Female,40,18685658883
12111045,Feng Jingping,Female,49,13892932966
12025995,Jing Binzhu,Male,46,13934274717
12028640,Patience Hughes,Female,40,15094646510
12216473,He Fangqin,Female,43,13938113424
12333409,Sophronia Harris,Female,44,18672443902
12214984,Jing Yingtian,Female,38,15669666192
12416891,Winifred Roberts,Female,48,13950258526
12414910,Jode Evans,Female,47,15015836603
12326792,Wu Yuyang,Female,46,15635108537
12032861,Natalie Taylor,Female,42,18990290945
12011828,Wu Ruoyan,Female,38,18676352982
12339331,Abe Harris,Male,38,18976184464
12219696,Elroy Edwards,Male,45,13943330557
12512004,Jiang Hanlan,Female,41,18637953695
12428605,Hua Haonan,Male,40,18682228818
12313959,Cao Yueqi,Male,41,15057947264
12011515,Xu Hanxuan,Female,38,18937114201
12124388,Jill Thomas,Female,49,13821451983
12220237,Susanna Taylor,Female,47,15669197323
12532293,Shen Mingliang,Male,48,18685251708
12239229,Rosalyn Jones,Female,48,13905966109
12135839,Lv Shizhen,Female,45,15070802434
12313677,Lv Xinyue,Male,48,13928101294
12238866,Dan Wright,Male,41,13988508833
12332982,Brittany White,Female,48,13899633547
12512946,Wang Qiuyan,Female,45,15035025121
12028417,Zou Youling,Female,40,18988482692
12138763,Bernadette Wilson,Female,41,18961189437
12323961,He Wenming,Male,42,13869683917
12033387,Wang Jiaxuan,Male,42,13951342870
12030724,Phil Robinson,Male,38,15630709639
12033615,Felix Thomas,Male,39,18928363418
12234218,Pat Wilson,Male,46,15624601488
12226772,Chen Yuanjun,Male,38,18686339281
12428260,Zhao Yihao,Male,40,15052905135
12116823,Zhang Qintao,Male,41,15098553535
12215264,Dou Huaiyu,Male,39,13955823401
12215886,You Bisong,Female,45,18644459199
12214996,Janey Jackson,Female,46,13985048926
12124415,Shi Runyi,Male,48,13911676010
12231510,Liz Jones,Female,43,18952324673
12233743,Zhou Yuyang,Female,45,13819826633
12233123,Zhang Binzhu,Male,43,13993214232
12117244,Tracy Johnson,Female,44,18930364600
12537292,Edward Thompson,Male,41,13910781606
12535613,Henry Lewis,Male,38,15672327497
12426680,Qing Jingping,Female,42,13829205071
12512977,Yu Xuelu,Female,45,13930284659
12033588,Bertran Hughes,Male,39,15686864496
12234012,Wang Hanhui,Female,44,18653785415
12418703,Han Chenjia,Male,42,18937643936
12238727,Xie Jiashuai,Male,47,13831725621
12335031,Wu Mimei,Female,46,13942881431
12334670,Zhu Yunzhi,Male,38,15071044773
12129000,Li Bingzhi,Male,49,18630558721
12310861,Yu Shanwei,Unknown,44,13909788477
12439867,He Qizhen,Female,42,13961013521
12220061,Zou Huasheng,Male,46,13890220609
12135795,Leslie Brown,Female,44,18649276288
12412124,Zhu Yueqi,Male,40,18951255896
12229048,Rosie Wilson,Female,41,15006191648
12515394,Qian Yaxia,Female,47,15007334154
12221527,Shen Qizhen,Female,48,18687812134
12110460,Qi Yilang,Male,38,15042022862
12418077,Moira Roberts,Female,43,15641994775
12434082,Wu Yunzhi,Male,46,13804242356
12034389,Bud Edwards,Male,44,18667249231
12424391,Patti Jones,Female,45,13929714055
12339472,Rosalind Harris,Female,48,13821309686
12125814,Kong Xiaohuai,Female,42,18633961030
12017657,Jiang Yixuan,Male,43,15612455594
12131335,Anne Jones,Female,42,15665588648
12036241,Zhu Weian,Male,48,15694244602
12015003,Tao Jiaji,Male,48,15691425098
12332875,Joe Jackson,Male,48,13981892390
12133372,Kirk Roberts,Male,48,18666463748
12226838,Gareth Thomas,Male,47,15064627892
12214150,Fran Smith,Female,45,13982065462
12439426,Zhou Huiran,Male,39,18604808591
12434179,Qian  biqin,Female,46,18603986116
12339776,Zhao Yuxuan,Male,40,18908905381
12414360,Della Johnson,Female,39,18988585952
12122550,Cao Jiashu,Male,41,13982935548
12035926,Zhao Yankun,Male,46,15006083021
12124588,Vivian Brown,Male,48,13987264599
12137398,Cao Zicheng,Male,46,13973963674
12413477,Crystal Brown,Female,46,15084309768
12026594,Frieda Johnson,Female,39,18936329960
12510357,Wang Chumei,Female,38,18605924146
12433076,Shi Zhuodong,Male,41,15648162947
12019125,Gracie Thomas,Female,46,15616426004
12224370,Wang Fanzhen,Unknown,39,15057996011
12527413,Mimi Jackson,Female,41,13938227972
12021702,Joseph Taylor,Unknown,41,13982600859
12232349,He Banxiang,Female,48,18924078589
12215094,Audrey Wright,Female,42,18949082118
12418786,Jim Johnson,Male,43,18908203198
12327277,Zheng Runyi,Male,42,15613461351
12523492,Debby Williams,Female,42,18643905431
12421407,Chen Jiashuai,Male,39,15003660263
12238513,Nancy Wright,Female,46,13809059908
12235064,Elsa Jones,Female,39,13877433063
12236332,Wei Bingzhi,Male,38,13808031042
12516418,Shi Tianlan,Female,38,15064950347
12536400,Enos White,Male,45,18638799648
12229466,Bernie Smith,Male,44,13970817292
12039575,Yang Congde,Male,39,13990246914
12414765,Wei Maoan,Male,41,18907614854
12238904,Shui Mengbai,Female,49,18966070898
12518719,Undine Taylor,Female,45,18959715598
12539623,Jiang Yingzhi,Female,42,13872012534
12437264,Han Hengran,Male,46,15017659962
12015138,Karen Taylor,Female,38,13876720290
12324008,Shui Zuirou,Female,38,18687389223
12532382,Urania Walker,Female,46,15068229490
12326800,Yan Linghai,Female,43,18667175067
12022069,Marshall Roberts,Male,45,15078634397
12213452,Phoebe Smith,Female,41,18912328850
12119190,Zou Jiayu,Male,39,15028866306
12226014,Zhang Wanzhi,Unknown,40,13934753084
12519620,Di Hall,Female,44,13863451067
12239421,Chu Linchuan,Male,47,15080256415
12524723,Dermot Lewis,Male,49,15602715703
12110900,Zou Youyi,Female,39,18603455227
12515189,Wayne Taylor,Male,38,15070303753
12114595,Kong Pinglv,Female,43,15067667014
12533855,Qing Yousong,Female,39,18919266551
12216404,Zhou Zhongxiao,Male,48,18640776921
12416879,Zhang Peiling,Female,45,13851979198
12429012,Zhou Hanling,Female,46,13994010802
12021942,Feng Ermei,Female,38,15086534755
12235204,Brian Patel,Male,49,13991503837
12113800,Jiang Junzhuo,Male,40,13841436603
12315027,Karl Hughes,Male,38,13894495130
12239258,Hua Erqiu,Female,48,15628052977
12119009,Andrew Johnson,Male,44,13909231636
12232239,Samuel Johnson,Unknown,48,15636249914
12422696,Sun Nianlan,Female,44,15652032545
12514577,Lv Yinghui,Female,44,15671567687
12237999,He Hanwu,Male,39,13805699635
12310147,Shi Yishan,Male,46,15049514536
12020924,Feng Erhan,Female,47,15611561542
12513603,Caesar Roberts,Male,48,15051773106
12111957,Zhu Wenlu,Male,38,18687277158
12222529,Wei Mufeng,Unknown,45,18698244030
12321465,Craig Jackson,Unknown,47,15643684197
12429874,Vincent Roberts,Male,45,18656005147
12224936,Sun Haoyan,Male,41,18610065255
12128526,Lucinda Harris,Female,47,13834613733
12426065,Yu Miaocui,Female,43,15694815599
12125680,Fran Thompson,Female,41,15600681584
12339058,Bai Jingping,Female,43,18603683635
12423360,Wei Shiyi,Male,47,13886365952
12015384,Zhou Yishuang,Female,48,15061565341
12333273,Xu Yuanhong,Male,49,13839324198
12026057,Zou Zhidie,Female,44,15008520109
12314425,Liu Mengbai,Female,38,18644263375
12322058,Victor Lewis,Male,46,18937004621
12115146,Judith Edwards,Female,48,15025870700
12431966,Julian Clarke,Male,42,13974711615
12428980,Xie Pingning,Female,43,15014021450
12410486,Octavius Davies,Male,47,15037128173
12011038,Gerald Thompson,Male,45,15091767921
12014405,Yang Feining,Female,47,13829954971
12128503,Qi Yishan,Male,39,18606430869
12422084,Flora Thomas,Female,46,13802785616
12532283,Tommy Davies,Male,49,13965685007
12431054,Qian Yuanxiang,Male,45,18688985462
12134541,Qing Muhao,Male,42,18979820269
12534823,Hilda Clarke,Female,43,15689457853
12234461,Qi Yinxiang,Male,38,15076744537
12025016,Wei Ruize,Male,41,18942952860
12426059,Crystal Walker,Female,41,13975605074
12129934,Chen Chunfu,Female,45,13822330958
12122793,Jiang Yahe,Female,43,13945549155
12421253,Kong Youqing,Female,45,15641123045
12322537,Tao Shuxuan,Female,49,15085116120
12519663,Gaston Harris,Male,47,15638575006
12227005,Yu Yixian,Male,45,18928820996
12213873,Zou Biyan,Unknown,48,15066512800
12335011,Kong Yishan,Male,40,13846951812
12121296,Qian Xiaofeng,Female,41,13854197619
12118889,He Xinyue,Male,39,13928811240
12524166,Zou Muman,Female,40,15082906238
12326884,Wu Yuanchun,Female,40,13826019898
12127167,Chu Guqiu,Female,38,18974814682
12326643,Qing Benqing,Male,45,13935686416
12112067,Yang Baitao,Female,49,15660272878
12314619,Zou Muxue,Female,46,18658582425
12010426,Qian Jingxiang,Male,41,18906077064
12117012,Irwin Green,Male,39,13848256680
12227733,You Jingyun,Unknown,45,13979841817
12310574,Xu Dongqing,Female,49,18906327698
12421161,Marcia Hall,Female,39,15069566546
12412949,Roger White,Male,47,15657072117
12324161,Zou Panlei,Unknown,47,15097673852
12420542,Jo Roberts,Female,45,13974570937
12217921,Toni Clarke,Female,47,15073675791
12233047,Sun Hanxuan,Female,39,18644716340
12225441,Hua Boran,Unknown,41,15678864028
12526014,Qing Qizheng,Male,48,15052254763
12114805,Zheng Jiaxuan,Male,40,15045496448
12334227,Cecil Walker,Male,41,18908106812
12433490,Gwendoline Thompson,Female,40,13979659683
12423759,Lester Thompson,Unknown,43,13960497825
12422549,Qi Fanrui,Male,44,15041528785
12439615,Marcie Davies,Female,40,13853910784
12030867,Archibald Lewis,Male,40,18960333107
12125639,Ted White,Male,49,13872798954
12233023,Mary Clarke,Female,47,15017977858
12516948,Sandra Williams,Female,49,18603309373
12419673,Richie Roberts,Male,42,13913280853
12431758,Qi Haizhen,Female,49,18903816077
12334134,Shi Guzhu,Female,41,18968522668
12128596,He Yuke,Male,46,13862391062
12012401,Zheng Hanxiang,Female,39,18670303787
12532540,Chu  zixue,Female,47,13884487578
12019494,Ross Edwards,Male,44,15082403377
12021907,Jock Walker,Unknown,43,13847306454
12234588,Ned Walker,Male,42,18920058215
12538811,Joan Johnson,Female,44,13908204055
12416052,Shen Zhengsong,Male,39,18910613781
12539145,Qi Xiangling,Female,46,15600505124
12315332,Wang Linglian,Female,39,18969987402
12210360,Pius Hughes,Male,43,15040270297
12418813,Liu Feilei,Female,45,15665437795
12530275,Zhang Rongchun,Unknown,46,13876049145
12436935,Polly Walker,Female,39,15662365107
12422508,Shi Shaohu,Male,46,18665305291
12026962,Joanne White,Female,49,15696020889
12327281,Han  qizhen,Unknown,45,15084888189
12311261,Dou Huanqing,Female,41,13977560856
12524636,Xie Linchuan,Male,45,13963778907
12125301,Malachi Hughes,Male,40,15692037530
12415471,Evadne Patel,Female,43,18968189028
12410365,Vanessa Taylor,Female,45,15673419018
12234204,Frieda Thompson,Female,41,18992126544
12524630,Yan Xiaofeng,Male,44,15690792395
12421945,Qian Shunhang,Male,45,13904943158
12124052,Tina Hall,Female,49,15051134968
12239852,Tommy Harris,Male,38,18981774268
12330344,Eleanor Patel,Female,39,15058335384
12024607,Christine Evans,Female,44,18690580198
12427766,Cao Yanlei,Female,43,15051467267
12124350,Yu Haonan,Male,38,18620772002
12530298,Yang Guqiu,Unknown,41,18618885717
12210679,Shi Binggan,Male,45,18976035237
12432752,Sean Jackson,Male,45,18902436646
12335518,Sun Jiaxuan,Male,39,18965536051
12239135,Sophia Davies,Unknown,41,13951024215
12021429,Bai Muhua,Male,49,13848283803
12418036,Dan Thomas,Male,48,15698372907
12331932,Evelyn Edwards,Female,49,15698087021
12031233,Yu Shuzhen,Female,48,15002712259
12027396,Chu Yingzhi,Female,38,13892297977
12531348,Wu Yuke,Male,41,15697716653
12323770,Vivien Johnson,Unknown,38,15665186413
12413741,Xie Tingqin,Female,44,13851038298
12126467,Kent Wilson,Unknown,43,18677968674
12426628,Craig Thompson,Male,47,15002945019
12129398,Zhang Zhixiang,Male,46,18648771704
12032553,Wang Zhengsong,Male,39,13921608724
12132804,Yan Yingwen,Female,42,15011117135
12127446,Wei Yingtian,Unknown,42,18950729224
12328992,Xie Wenyan,Unknown,45,18968451760
12020796,Tao Chengjun,Male,48,15034757254
12437574,He Chilv,Female,38,18679946737
12024995,Saul Thompson,Male,46,13815670484
12028898,Sally Thomas,Female,38,13896412880
12026883,He Hanxiang,Male,40,18652217119
12419857,Hua Yuwen,Unknown,45,18909695537
12417985,Feng Runbin,Male,46,18651835501
12326737,Sid Williams,Male,44,18621832099
12526292,Sean Jones,Male,49,15079603202
12522158,Alfred Thomas,Male,39,18985327914
12412060,Amy Thompson,Female,44,15080247527
12439337,Steven Taylor,Male,49,13838231084
12036682,Wei Shengjian,Male,46,15093350281
12125547,Fidelia Brown,Unknown,46,13968050454
12119514,Philemen Brown,Male,46,15042197811
12011442,Jason Evans,Male,44,13995118915
12029470,Leila Smith,Female,46,13844258588
12422050,Willy Patel,Male,47,15622520990
12218844,Julian Wilson,Male,49,15071361392
12110259,Yang Youling,Female,49,18600332576
12111224,Chen Chundie,Female,44,18987365407
12336459,Robin Green,Female,42,15058014776
12229409,He Pengxiao,Male,46,13992952835
